segment,customers,visit_rate,conversion_rate,avg_spend
Mens E-Mail,21307,0.18275684047496127,0.01253109306800582,1.4226165110057727
No E-Mail,21306,0.10616727682343002,0.005726086548390125,0.6527893551112363
Womens E-Mail,21387,0.151400383410483,0.008837144059475383,1.0772015710478329
