metric,value
treated_model_auc,0.5940646285353421
control_model_auc,0.6231052532537606
