metric,value
Treated Conversion Rate,0.010680657703658593
Control Conversion Rate,0.005726086548390125
Uplift,0.004954571155268468
Relative Lift,0.865263057656967
